{
  "threshold": 0.15000000000000002,
  "targeted_customers": 4992.0,
  "avg_expected_value_per_targeted": 39.86288343081191,
  "total_expected_value": 198995.51408661308
}