model,roc_auc,pr_auc
logreg,0.8414063912785139,0.6324160254841014
rf,0.8224237257485338,0.6135161197172467
